po_id,date,supplier_id,material_id,quantity_ordered,unit_price,lead_time_days,is_delayed
1,1/1/2024,1,1,36606,1.513,1,0
2,1/2/2024,2,2,6963,2.794,10,0
3,1/3/2024,6,8,677,8.548,5,0
4,1/3/2024,2,6,49,42.898,4,0
5,1/3/2024,8,5,2033,3.939,,1
6,1/3/2024,6,10,471,3.155,7,0
7,1/4/2024,3,4,774,12.99,1,0
8,1/4/2024,8,9,36,119.319,10,0
9,1/5/2024,5,7,17676,0.736,11,0
10,1/5/2024,4,11,3360,1.891,12,0
11,1/5/2024,5,7,15425,0.809,27,1
12,1/5/2024,3,4,844,12.374,5,0
13,1/5/2024,2,6,106,46.732,10,0
14,1/6/2024,6,8,887,8.261,5,0
15,1/7/2024,4,10,643,3.519,,0
16,1/8/2024,7,2,5460,2.837,17,0
17,1/8/2024,8,5,2975,4.536,11,0
18,1/8/2024,5,3,2260,5.534,13,0
19,1/8/2024,7,2,6121,2.731,14,1
20,1/8/2024,5,7,17422,0.741,9,0
21,1/9/2024,1,1,55288,1.596,2,0
22,1/10/2024,4,4,1119,12.846,6,0
23,1/10/2024,4,11,2021,1.834,5,0
24,1/10/2024,2,6,92,43.886,5,0
25,1/12/2024,4,11,3513,1.915,9,0
26,1/12/2024,4,11,2312,1.806,4,0
27,1/13/2024,3,8,883,8.09,5,0
28,1/13/2024,5,7,13389,0.737,,0
29,1/13/2024,6,10,394,3.191,1,0
30,1/13/2024,2,6,86,41.937,5,0
31,1/14/2024,5,7,15523,0.707,17,0
32,1/15/2024,6,8,866,8.695,6,0
33,1/15/2024,8,9,57,122.447,14,0
34,1/15/2024,6,10,344,3.269,4,0
35,1/16/2024,5,3,2802,5.431,10,0
36,1/17/2024,5,3,1637,5.692,16,1
37,1/17/2024,3,4,1095,13.151,4,0
38,1/17/2024,4,11,3544,1.756,15,1
39,1/17/2024,5,3,1928,5.708,14,0
40,1/17/2024,6,10,353,3.296,9,1
41,1/18/2024,1,1,31004,1.493,3,0
42,1/19/2024,8,5,2758,4.331,13,0
43,1/20/2024,5,3,1351,5.668,15,1
44,1/23/2024,8,9,55,126.226,18,0
45,1/23/2024,8,9,51,122.869,16,0
46,1/24/2024,2,2,5319,2.917,10,0
47,1/24/2024,1,1,54095,1.474,4,0
48,1/25/2024,8,5,2128,4.435,16,0
49,1/25/2024,1,1,33777,1.527,2,0
50,1/25/2024,8,5,3060,4.011,16,0
51,1/26/2024,7,12,1597,4.321,22,1
52,1/26/2024,7,12,1240,4.559,,1
53,1/27/2024,1,1,46941,1.395,2,0
54,1/27/2024,2,6,49,43.503,6,0
55,1/27/2024,7,12,1539,4.795,22,1
56,1/27/2024,8,5,2414,4.25,11,0
57,1/28/2024,5,7,13095,0.707,8,0
58,1/28/2024,5,7,20074,0.769,17,0
59,1/29/2024,1,1,52456,1.443,3,0
60,1/29/2024,8,5,2283,4.527,19,1
61,1/29/2024,8,9,45,125.317,6,0
62,1/29/2024,7,2,5578,2.91,16,0
63,1/29/2024,6,10,571,3.136,2,0
64,1/30/2024,2,2,5242,2.748,9,0
65,1/30/2024,1,1,58090,1.512,1,0
66,1/31/2024,6,10,465,3.66,6,0
67,1/31/2024,4,4,579,12.507,10,0
68,2/1/2024,1,1,55733,1.547,4,0
69,2/1/2024,6,8,847,7.589,4,0
70,2/2/2024,3,4,805,12.694,6,0
71,2/3/2024,8,5,3476,4.197,11,0
72,2/3/2024,2,6,101,42.558,8,0
73,2/3/2024,4,10,387,3.198,7,0
74,2/4/2024,1,1,52251,1.453,2,0
75,2/5/2024,7,2,5348,2.905,10,1
76,2/7/2024,1,1,39906,1.457,4,0
77,2/7/2024,4,4,1109,13.189,6,0
78,2/8/2024,1,1,59947,1.471,3,0
79,2/8/2024,2,2,6211,2.632,7,0
80,2/9/2024,5,3,2099,5.91,,0
81,2/10/2024,2,6,79,43.435,6,0
82,2/10/2024,4,10,550,3.548,6,0
83,2/11/2024,6,8,1018,8.108,4,0
84,2/11/2024,8,9,37,129.096,15,0
85,2/11/2024,8,5,2917,3.878,8,0
86,2/11/2024,3,4,1151,11.909,6,0
87,2/12/2024,7,12,836,4.314,9,0
88,2/12/2024,7,2,6686,2.823,,0
89,2/12/2024,7,2,5017,2.772,14,0
90,2/13/2024,3,8,1213,8.277,7,0
91,2/14/2024,3,4,1308,13.465,5,0
92,2/14/2024,8,5,2174,4.474,11,0
93,2/14/2024,4,4,702,12.56,4,0
94,2/15/2024,5,3,2337,5.877,,0
95,2/16/2024,2,2,6011,2.953,10,0
96,2/16/2024,2,6,109,43.048,9,0
97,2/16/2024,6,8,984,8.608,6,0
98,2/17/2024,5,3,2052,5.159,16,0
99,2/17/2024,2,2,4439,2.976,7,0
100,2/17/2024,7,2,4903,2.764,8,0
101,2/18/2024,4,11,4120,1.813,6,0
102,2/18/2024,4,4,923,11.855,11,0
103,2/18/2024,1,1,60323,1.559,3,0
104,2/19/2024,3,4,1225,11.988,6,0
105,2/19/2024,5,3,2337,5.358,12,0
106,2/19/2024,7,12,1618,4.525,,0
107,2/20/2024,5,3,2522,5.392,16,0
108,2/20/2024,5,7,18550,0.799,13,0
109,2/21/2024,7,12,1465,4.27,11,0
110,2/21/2024,4,4,1072,12.621,10,0
111,2/22/2024,5,3,2042,5.824,9,0
112,2/22/2024,5,3,2160,5.723,7,0
113,2/23/2024,5,3,1576,5.823,8,0
114,2/24/2024,8,5,2379,4.226,8,0
115,2/24/2024,3,4,1205,11.949,4,0
116,2/25/2024,8,9,48,123.221,26,1
117,2/25/2024,6,10,473,3.579,6,0
118,2/26/2024,4,11,3388,1.807,6,0
119,2/27/2024,8,9,41,111.37,,0
120,2/27/2024,5,3,1830,5.518,19,0
121,2/27/2024,5,7,14402,0.714,7,0
122,2/27/2024,5,7,12575,0.737,10,0
123,2/27/2024,3,4,1115,12.717,6,0
124,2/28/2024,4,11,2755,1.682,6,0
125,2/28/2024,7,12,2076,4.305,12,1
126,2/29/2024,5,7,12815,0.711,18,0
127,3/1/2024,8,5,2916,4.059,7,0
128,3/1/2024,6,8,628,7.681,1,0
129,3/1/2024,5,7,20586,0.779,28,1
130,3/1/2024,1,1,48582,1.405,4,0
131,3/1/2024,3,4,930,11.548,4,0
132,3/2/2024,8,9,44,128.254,,0
133,3/2/2024,2,6,121,43.895,9,0
134,3/2/2024,3,8,1030,7.564,4,0
135,3/3/2024,8,9,59,126.538,13,0
136,3/3/2024,8,9,44,114.225,9,0
137,3/3/2024,8,5,2594,4.036,30,1
138,3/3/2024,7,12,1058,4.268,8,0
139,3/4/2024,8,9,42,111.313,15,0
140,3/4/2024,2,6,76,44.226,5,0
141,3/4/2024,5,7,14848,0.775,10,0
142,3/5/2024,2,2,5943,2.6,5,0
143,3/6/2024,5,3,1715,5.194,9,0
144,3/6/2024,8,5,3062,4.128,,0
145,3/7/2024,6,10,279,3.54,12,1
146,3/7/2024,1,1,63481,1.449,6,0
147,3/8/2024,4,10,514,3.309,4,0
148,3/8/2024,4,11,3248,1.664,10,0
149,3/9/2024,4,4,995,12.729,11,0
150,3/10/2024,3,8,860,8.163,4,0
151,3/10/2024,1,1,43090,1.475,5,0
152,3/10/2024,5,7,16746,0.715,10,0
153,3/10/2024,5,7,11902,0.778,19,0
154,3/11/2024,8,5,1816,4.229,9,0
155,3/11/2024,3,4,652,13.081,,0
156,3/11/2024,8,5,2806,3.943,15,1
157,3/12/2024,6,8,687,8.109,5,0
158,3/12/2024,1,1,53167,1.427,5,0
159,3/13/2024,2,6,76,41.883,9,0
160,3/13/2024,8,5,3279,4.21,20,0
161,3/13/2024,4,4,859,12.981,21,1
162,3/15/2024,2,6,46,42.07,7,0
163,3/15/2024,6,8,781,8.498,2,0
164,3/15/2024,6,8,1044,7.633,4,0
165,3/17/2024,2,6,119,44.172,3,0
166,3/17/2024,8,5,2330,4.467,,0
167,3/17/2024,4,10,650,3.534,7,0
168,3/18/2024,4,11,3699,1.836,9,0
169,3/18/2024,3,8,803,8.143,4,0
170,3/18/2024,7,12,2049,4.213,13,0
171,3/19/2024,4,4,633,11.737,8,0
172,3/19/2024,6,8,640,8.778,5,0
173,3/19/2024,7,12,1527,4.838,20,0
174,3/20/2024,5,3,2470,5.806,14,0
175,3/20/2024,5,3,2162,5.116,24,1
176,3/20/2024,8,5,2788,4.536,,0
177,3/20/2024,4,4,1077,13.09,7,0
178,3/20/2024,3,4,1016,12.307,6,0
179,3/20/2024,5,7,10657,0.792,12,0
180,3/22/2024,1,1,55802,1.568,5,0
181,3/22/2024,3,4,733,13.438,1,0
182,3/22/2024,3,8,848,7.756,6,0
183,3/23/2024,7,12,1668,4.564,13,0
184,3/23/2024,4,10,608,3.562,11,0
185,3/24/2024,5,7,19563,0.803,15,0
186,3/24/2024,8,9,65,111.685,7,0
187,3/25/2024,3,4,825,11.61,5,0
188,3/25/2024,3,8,819,8.071,3,0
189,3/26/2024,7,12,1217,4.711,8,0
190,3/26/2024,7,2,7037,2.784,10,0
191,3/26/2024,3,8,870,8.447,3,0
192,3/26/2024,7,12,1663,4.641,8,0
193,3/27/2024,1,1,39024,1.404,6,0
194,3/27/2024,5,3,1803,5.509,13,0
195,3/27/2024,5,3,1678,5.398,13,0
196,3/27/2024,5,3,2221,5.079,18,0
197,3/28/2024,7,12,1441,4.325,18,0
198,3/29/2024,3,4,1148,13.042,1,0
199,3/29/2024,5,7,14471,0.729,23,1
200,3/29/2024,7,12,1193,4.609,17,0
201,3/30/2024,8,5,2026,4.499,16,0
202,3/30/2024,3,8,466,7.859,6,0
203,3/30/2024,3,8,689,8.562,4,0
204,3/30/2024,8,9,44,117.548,17,1
205,3/31/2024,1,1,36770,1.498,5,0
206,3/31/2024,4,4,1355,13.175,10,0
207,3/31/2024,8,9,63,115.133,22,1
208,3/31/2024,4,11,2739,1.761,10,0
209,3/31/2024,6,8,519,8.167,6,0
210,4/1/2024,3,4,1138,13.105,4,0
211,4/1/2024,2,6,115,44.946,6,0
212,4/1/2024,5,7,13321,0.699,9,0
213,4/2/2024,2,6,86,47.497,8,0
214,4/3/2024,1,1,37218,1.42,4,0
215,4/3/2024,8,9,42,125.586,10,0
216,4/4/2024,7,12,1515,4.807,13,1
217,4/4/2024,8,9,43,121.781,6,0
218,4/5/2024,8,9,51,114.098,12,0
219,4/6/2024,2,6,107,46.403,3,0
220,4/8/2024,4,4,1325,13.147,9,0
221,4/8/2024,4,10,520,3.612,5,0
222,4/8/2024,5,7,12931,0.775,17,0
223,4/8/2024,8,9,47,119.175,18,0
224,4/9/2024,8,9,54,116.564,8,0
225,4/10/2024,1,1,55190,1.484,5,0
226,4/10/2024,3,8,916,8.188,7,0
227,4/11/2024,1,1,58601,1.603,6,0
228,4/11/2024,8,5,2364,4.219,8,0
229,4/12/2024,6,10,497,3.627,6,0
230,4/12/2024,4,11,2811,1.813,6,0
231,4/12/2024,7,12,1728,4.317,7,0
232,4/13/2024,8,5,3399,4.182,14,0
233,4/13/2024,8,9,51,122.149,13,0
234,4/14/2024,5,3,2280,5.773,15,0
235,4/14/2024,5,3,1923,5.769,14,0
236,4/14/2024,2,2,5493,2.913,8,0
237,4/15/2024,3,8,593,7.659,4,0
238,4/16/2024,1,1,40979,1.588,2,0
239,4/16/2024,4,11,2691,1.761,6,0
240,4/17/2024,8,5,2607,4.01,11,0
241,4/17/2024,8,9,73,128.954,16,0
242,4/17/2024,5,7,18184,0.748,20,1
243,4/18/2024,7,12,1265,4.507,9,0
244,4/18/2024,5,3,2059,5.479,15,0
245,4/19/2024,3,4,913,11.923,4,0
246,4/20/2024,5,3,1990,5.22,14,0
247,4/20/2024,4,11,3340,1.909,6,0
248,4/20/2024,8,9,48,124.051,9,0
249,4/22/2024,5,7,15437,0.726,18,0
250,4/22/2024,4,11,2609,1.836,6,0
251,4/23/2024,6,10,482,3.607,5,0
252,4/23/2024,3,4,1011,12.79,2,0
253,4/24/2024,8,5,1880,4.311,17,0
254,4/24/2024,5,7,16570,0.785,14,0
255,4/25/2024,8,9,41,128.055,10,0
256,4/25/2024,6,10,571,3.555,4,0
257,4/25/2024,7,2,5515,3.003,13,0
258,4/25/2024,7,2,4866,2.832,10,0
259,4/26/2024,8,9,60,125.103,16,0
260,4/26/2024,4,11,3247,1.816,7,0
261,4/26/2024,1,1,52421,1.386,2,0
262,4/26/2024,5,3,2285,5.408,22,1
263,4/28/2024,2,6,138,45.468,9,0
264,4/29/2024,7,12,1797,4.394,19,0
265,4/30/2024,8,5,2764,4.317,16,0
266,4/30/2024,7,12,1367,4.233,12,0
267,5/1/2024,1,1,47647,1.395,3,0
268,5/2/2024,3,4,961,12.86,5,0
269,5/3/2024,7,12,1154,4.381,15,0
270,5/3/2024,4,11,3231,1.73,12,0
271,5/3/2024,4,11,3324,1.846,4,0
272,5/4/2024,5,7,16067,0.77,18,1
273,5/4/2024,3,8,882,8.552,3,0
274,5/5/2024,4,11,4099,1.719,9,0
275,5/5/2024,6,10,446,3.528,5,0
276,5/7/2024,7,12,1470,4.207,8,0
277,5/10/2024,8,9,53,119.256,12,0
278,5/10/2024,5,7,12376,0.721,17,0
279,5/10/2024,4,4,1076,13.042,10,0
280,5/11/2024,2,6,109,45.577,5,0
281,5/12/2024,4,11,3195,1.698,6,0
282,5/12/2024,2,6,95,45.075,3,0
283,5/12/2024,2,2,3534,2.919,6,0
284,5/12/2024,7,12,1670,4.403,8,0
285,5/13/2024,5,3,2121,5.448,14,0
286,5/13/2024,2,6,101,46.946,12,0
287,5/13/2024,7,12,1640,4.209,12,0
288,5/13/2024,3,8,490,8.627,3,0
289,5/14/2024,8,9,49,110.778,7,0
290,5/14/2024,8,9,35,112.005,10,0
291,5/16/2024,8,9,35,117.589,18,0
292,5/16/2024,7,2,4474,2.646,10,0
293,5/16/2024,5,3,2116,5.825,12,0
294,5/16/2024,5,3,2247,5.216,10,0
295,5/16/2024,5,3,2037,5.39,9,0
296,5/18/2024,4,11,2725,1.901,11,0
297,5/18/2024,4,11,2661,1.699,8,0
298,5/18/2024,7,2,5407,2.821,15,0
299,5/19/2024,7,12,2009,4.384,8,0
300,5/19/2024,8,9,34,122.722,17,0
301,5/20/2024,6,10,570,3.4,2,0
302,5/20/2024,8,9,37,125.487,11,0
303,5/22/2024,3,4,500,12.385,7,0
304,5/22/2024,4,4,1189,11.812,11,0
305,5/22/2024,8,9,52,110.41,11,0
306,5/23/2024,8,9,40,116.534,27,1
307,5/23/2024,5,3,1377,5.86,15,0
308,5/23/2024,7,2,4398,2.778,12,0
309,5/24/2024,8,9,53,112.188,18,0
310,5/24/2024,4,4,972,12.382,9,0
311,5/24/2024,8,9,48,125.756,16,0
312,5/25/2024,8,5,1838,4.431,12,0
313,5/26/2024,8,5,2472,4.159,15,1
314,5/26/2024,8,9,50,117.763,7,0
315,5/26/2024,7,2,4432,2.966,16,0
316,5/27/2024,5,3,1438,5.446,13,0
317,5/27/2024,8,5,2148,4.248,12,0
318,5/29/2024,8,5,1561,4.448,9,0
319,5/30/2024,4,10,478,3.33,7,0
320,5/30/2024,6,10,531,3.438,2,0
321,5/30/2024,7,12,2080,4.518,14,0
322,5/31/2024,2,6,101,42.453,11,0
323,5/31/2024,5,7,14455,0.788,18,0
324,6/1/2024,5,7,10138,0.758,14,0
325,6/1/2024,2,6,140,46.34,8,0
326,6/2/2024,4,11,2932,1.771,5,0
327,6/4/2024,3,8,986,7.738,3,0
328,6/5/2024,5,3,1810,5.353,10,0
329,6/5/2024,2,6,99,44.583,6,0
330,6/5/2024,3,8,631,8.27,5,0
331,6/5/2024,3,8,693,8.478,4,0
332,6/6/2024,2,6,112,45.912,7,0
333,6/7/2024,6,10,353,3.508,3,0
334,6/7/2024,1,1,53297,1.396,3,0
335,6/8/2024,5,7,16242,0.789,8,0
336,6/8/2024,2,6,85,45.409,5,0
337,6/9/2024,4,10,458,3.184,16,1
338,6/9/2024,7,12,1699,4.521,15,0
339,6/10/2024,8,9,56,129.173,12,0
340,6/10/2024,7,2,4878,2.753,13,0
341,6/10/2024,5,7,13800,0.784,18,0
342,6/10/2024,8,5,2891,4.365,17,0
343,6/10/2024,3,8,611,8.627,5,0
344,6/10/2024,8,9,45,118.993,9,0
345,6/11/2024,8,5,3157,3.895,11,1
346,6/11/2024,1,1,38652,1.563,6,0
347,6/12/2024,5,7,15134,0.782,16,1
348,6/12/2024,4,11,3154,1.735,12,1
349,6/13/2024,8,5,2546,4.295,26,1
350,6/13/2024,1,1,64950,1.544,5,0
351,6/13/2024,4,10,417,3.53,5,0
352,6/14/2024,4,11,2620,1.74,6,0
353,6/14/2024,2,6,110,41.865,7,0
354,6/15/2024,5,3,1570,5.749,17,0
355,6/16/2024,5,7,15913,0.695,8,0
356,6/16/2024,4,10,653,3.542,11,0
357,6/16/2024,2,6,78,44.111,22,1
358,6/16/2024,3,8,1048,7.696,4,0
359,6/16/2024,8,9,63,117.691,7,0
360,6/16/2024,7,2,3765,2.722,14,0
361,6/17/2024,2,6,89,43.914,10,0
362,6/18/2024,5,7,12640,0.709,18,0
363,6/18/2024,2,6,127,48.181,12,0
364,6/18/2024,8,9,56,122.244,20,1
365,6/18/2024,4,11,2362,1.799,17,1
366,6/18/2024,5,3,1813,5.427,7,0
367,6/18/2024,7,2,4269,3.01,16,0
368,6/18/2024,4,11,3491,1.869,8,0
369,6/19/2024,8,5,3353,4.4,7,0
370,6/19/2024,3,8,663,8.631,4,0
371,6/19/2024,8,9,47,128.273,23,1
372,6/20/2024,6,8,614,7.952,4,0
373,6/20/2024,1,1,48733,1.465,4,0
374,6/20/2024,2,6,82,47.284,11,0
375,6/20/2024,4,4,948,11.518,10,0
376,6/20/2024,4,11,2738,1.916,4,0
377,6/21/2024,4,11,3361,1.792,7,0
378,6/21/2024,8,5,2702,4.279,15,0
379,6/22/2024,7,12,1161,4.465,19,1
380,6/22/2024,5,3,1870,5.446,13,0
381,6/22/2024,8,9,58,125.036,14,0
382,6/22/2024,7,12,1812,4.249,15,0
383,6/22/2024,4,10,561,3.394,10,0
384,6/23/2024,5,7,15082,0.762,7,0
385,6/23/2024,4,4,1499,12.792,8,0
386,6/23/2024,3,4,639,12.922,3,0
387,6/23/2024,3,8,737,8.745,7,0
388,6/24/2024,3,4,799,13.446,3,0
389,6/24/2024,5,7,8772,0.709,16,1
390,6/24/2024,2,2,5007,2.906,10,0
391,6/24/2024,7,2,6548,2.82,9,0
392,6/24/2024,8,5,3235,3.921,17,0
393,6/25/2024,1,1,57766,1.471,3,0
394,6/26/2024,5,3,2816,5.773,11,0
395,6/26/2024,8,9,42,120.965,27,1
396,6/27/2024,4,11,2764,1.906,12,0
397,6/27/2024,5,7,9852,0.763,17,0
398,6/27/2024,8,9,47,129.228,11,0
399,6/28/2024,5,7,19415,0.714,15,0
400,6/30/2024,7,2,6035,2.663,8,0
401,6/30/2024,1,1,37005,1.54,4,0
402,6/30/2024,3,8,1035,8.218,4,0
403,6/30/2024,4,10,447,3.308,7,0
404,6/30/2024,5,3,2156,5.214,20,0
405,7/1/2024,7,2,6084,2.687,17,0
406,7/1/2024,6,8,640,8.208,5,0
407,7/2/2024,6,10,491,3.387,6,0
408,7/2/2024,5,7,17280,0.791,11,0
409,7/2/2024,2,6,103,43.998,4,0
410,7/2/2024,7,12,1466,4.594,8,0
411,7/2/2024,4,10,452,3.188,8,0
412,7/2/2024,5,7,14003,0.796,18,0
413,7/2/2024,2,6,86,48.397,5,0
414,7/3/2024,7,2,5479,2.749,10,0
415,7/3/2024,7,2,3294,2.646,18,1
416,7/4/2024,7,2,4342,2.907,8,0
417,7/4/2024,6,10,374,3.562,4,0
418,7/4/2024,5,7,13897,0.747,14,0
419,7/4/2024,8,5,2131,4.488,15,0
420,7/5/2024,3,8,591,8.518,1,0
421,7/5/2024,5,3,1834,5.451,7,0
422,7/5/2024,1,1,49002,1.426,2,0
423,7/6/2024,6,10,603,3.317,5,0
424,7/6/2024,8,9,65,123.9,14,0
425,7/7/2024,7,2,6213,2.688,14,0
426,7/7/2024,2,2,4517,2.89,8,0
427,7/7/2024,5,7,19026,0.801,13,0
428,7/8/2024,8,5,3307,4.323,13,0
429,7/9/2024,2,6,102,47.264,8,0
430,7/10/2024,4,11,3747,1.917,15,1
431,7/10/2024,3,4,595,12.404,7,0
432,7/10/2024,4,11,2952,1.726,9,0
433,7/10/2024,2,6,107,47.535,10,0
434,7/10/2024,5,7,23504,0.756,10,0
435,7/11/2024,7,2,5799,2.918,8,0
436,7/12/2024,7,12,1731,4.859,11,0
437,7/12/2024,5,7,15166,0.804,7,0
438,7/12/2024,5,3,2352,5.51,24,1
439,7/12/2024,6,10,525,3.628,6,0
440,7/13/2024,7,2,4507,2.66,19,1
441,7/13/2024,8,5,1652,3.933,18,0
442,7/13/2024,4,11,2624,1.911,6,0
443,7/13/2024,1,1,54883,1.391,4,0
444,7/14/2024,4,11,2922,1.688,7,0
445,7/14/2024,7,2,5465,2.951,9,0
446,7/16/2024,4,4,1230,12.364,20,1
447,7/16/2024,8,9,67,125.703,15,1
448,7/18/2024,4,10,495,3.535,8,0
449,7/18/2024,6,10,524,3.14,4,0
450,7/18/2024,3,8,801,8.13,2,0
451,7/18/2024,1,1,54999,1.421,1,0
452,7/19/2024,2,2,6202,2.592,10,0
453,7/19/2024,8,9,50,124.526,28,1
454,7/19/2024,3,4,1105,12.835,1,0
455,7/20/2024,2,6,115,47.347,7,0
456,7/21/2024,5,3,1849,5.365,19,0
457,7/21/2024,8,9,42,119.241,8,0
458,7/21/2024,2,2,4541,2.868,12,0
459,7/24/2024,2,6,82,43.232,5,0
460,7/24/2024,7,12,1776,4.406,14,0
461,7/25/2024,7,12,1775,4.548,17,0
462,7/25/2024,3,4,1293,12.218,5,0
463,7/26/2024,7,12,1336,4.271,10,0
464,7/26/2024,3,8,526,7.675,3,0
465,7/27/2024,2,2,4657,2.974,6,0
466,7/27/2024,1,1,37982,1.47,2,0
467,7/27/2024,5,7,20574,0.795,8,0
468,7/28/2024,5,3,1775,5.089,13,0
469,7/28/2024,2,6,121,42.892,6,0
470,7/28/2024,8,9,51,120.368,15,0
471,7/29/2024,3,4,515,12.608,4,0
472,7/29/2024,8,9,60,114.415,7,0
473,7/31/2024,3,4,761,12.589,4,0
474,8/1/2024,6,8,1036,8.515,4,0
475,8/1/2024,3,4,943,12.65,5,0
476,8/2/2024,2,6,91,43.964,6,0
477,8/3/2024,8,9,62,110.927,14,0
478,8/3/2024,4,11,3026,1.888,5,0
479,8/3/2024,8,5,1849,4.377,11,0
480,8/4/2024,2,6,96,43.712,8,0
481,8/4/2024,3,8,744,8.714,1,0
482,8/4/2024,7,12,1006,4.851,19,0
483,8/5/2024,7,2,4641,2.843,15,0
484,8/5/2024,4,4,1082,12.486,6,0
485,8/6/2024,4,4,1071,11.555,4,0
486,8/7/2024,5,3,2381,5.869,25,1
487,8/7/2024,5,3,1565,5.455,18,0
488,8/7/2024,5,7,17938,0.733,20,0
489,8/8/2024,5,7,19055,0.763,13,0
490,8/8/2024,5,7,15726,0.693,13,0
491,8/8/2024,7,12,1619,4.725,22,1
492,8/8/2024,2,6,65,47.176,9,0
493,8/8/2024,8,5,2273,4.337,17,0
494,8/9/2024,7,2,3832,2.601,18,0
495,8/9/2024,2,6,86,43.42,15,1
496,8/10/2024,4,11,3771,1.828,10,1
497,8/10/2024,2,2,4302,2.599,15,1
498,8/10/2024,8,5,3107,4.213,8,0
499,8/11/2024,1,1,38777,1.479,4,0
500,8/11/2024,5,7,17456,0.733,6,0
501,8/11/2024,4,10,602,3.201,12,0
502,8/11/2024,3,4,1169,12.977,3,0
503,8/11/2024,5,3,2326,5.216,16,0
504,8/12/2024,4,11,2797,1.662,8,0
505,8/13/2024,3,8,901,8.373,4,0
506,8/13/2024,7,12,1690,4.169,11,0
507,8/13/2024,7,12,1140,4.48,9,0
508,8/13/2024,7,2,5213,2.701,16,0
509,8/13/2024,4,11,2629,1.927,8,0
510,8/14/2024,2,2,6699,2.698,7,0
511,8/14/2024,4,10,588,3.518,5,0
512,8/15/2024,8,5,2723,4.436,15,0
513,8/15/2024,3,4,1069,12.983,7,0
514,8/16/2024,4,11,3497,1.848,11,0
515,8/16/2024,6,10,633,3.153,4,0
516,8/17/2024,2,6,114,44.673,9,0
517,8/18/2024,6,10,441,3.377,5,0
518,8/19/2024,1,1,53801,1.595,3,0
519,8/20/2024,5,3,2150,5.245,13,0
520,8/20/2024,3,8,813,8.531,6,0
521,8/21/2024,1,1,60517,1.569,6,0
522,8/22/2024,3,8,1107,8.574,6,0
523,8/23/2024,8,5,2274,4.433,15,1
524,8/23/2024,7,12,1658,4.833,12,0
525,8/23/2024,4,11,2936,1.763,7,0
526,8/23/2024,7,12,1224,4.651,16,0
527,8/23/2024,5,7,12993,0.723,17,1
528,8/24/2024,1,1,53797,1.603,4,0
529,8/25/2024,7,12,1469,4.624,14,0
530,8/26/2024,8,9,61,118.586,22,1
531,8/26/2024,5,7,16823,0.746,17,0
532,8/27/2024,8,9,60,128.878,20,0
533,8/27/2024,7,12,1588,4.214,12,0
534,8/27/2024,6,8,605,8.095,5,0
535,8/28/2024,4,10,481,3.593,11,0
536,8/28/2024,4,10,470,3.458,9,0
537,8/28/2024,8,9,49,114.397,15,0
538,8/29/2024,8,9,28,124.791,19,0
539,8/29/2024,4,4,916,13.474,6,0
540,8/29/2024,6,10,603,3.475,7,0
541,8/30/2024,4,11,3106,1.916,5,0
542,8/31/2024,8,9,59,127.965,17,0
543,8/31/2024,4,11,1511,1.872,3,0
544,9/1/2024,5,7,17618,0.72,10,0
545,9/1/2024,3,4,1117,13.224,3,0
546,9/1/2024,8,9,46,119.603,10,0
547,9/2/2024,2,6,91,46.323,4,0
548,9/2/2024,3,4,947,13.398,5,0
549,9/3/2024,5,7,15707,0.793,16,0
550,9/3/2024,7,12,1614,4.827,17,0
551,9/3/2024,3,8,843,8.673,1,0
552,9/4/2024,5,7,11642,0.721,18,0
553,9/4/2024,2,2,4367,2.892,5,0
554,9/5/2024,5,7,8483,0.702,13,0
555,9/5/2024,4,11,2482,1.732,5,0
556,9/5/2024,4,10,322,3.263,5,0
557,9/5/2024,5,7,10834,0.725,13,0
558,9/5/2024,2,6,81,42.905,6,0
559,9/7/2024,7,2,5030,2.774,11,0
560,9/7/2024,4,4,1072,12.828,12,0
561,9/7/2024,7,2,6176,3.023,15,0
562,9/7/2024,4,4,1313,11.667,4,0
563,9/8/2024,4,10,483,3.563,7,0
564,9/8/2024,7,12,1042,4.381,18,0
565,9/8/2024,1,1,60378,1.4,3,0
566,9/8/2024,7,12,1409,4.367,9,0
567,9/9/2024,7,2,7151,3.007,18,0
568,9/9/2024,6,8,834,8.71,4,0
569,9/9/2024,6,8,651,7.881,6,0
570,9/10/2024,5,7,13549,0.79,18,1
571,9/10/2024,8,5,1712,4.309,19,0
572,9/10/2024,7,12,1387,4.216,25,1
573,9/11/2024,2,2,4224,2.929,21,1
574,9/11/2024,1,1,53522,1.587,5,0
575,9/12/2024,8,9,43,117.723,12,0
576,9/12/2024,8,5,2000,4.525,25,1
577,9/13/2024,5,3,1988,5.526,8,0
578,9/13/2024,7,2,5708,2.876,18,0
579,9/14/2024,5,7,14593,0.721,12,0
580,9/14/2024,8,9,22,128.197,13,0
581,9/14/2024,8,9,48,118.64,9,0
582,9/14/2024,5,7,15467,0.802,16,0
583,9/14/2024,5,7,18853,0.728,9,0
584,9/14/2024,2,6,68,41.5,12,0
585,9/14/2024,7,12,1038,4.481,18,1
586,9/15/2024,2,6,98,45.901,12,0
587,9/15/2024,5,7,14803,0.762,10,0
588,9/16/2024,8,9,24,115.372,6,0
589,9/16/2024,5,3,1827,5.216,11,0
590,9/17/2024,3,4,845,13.323,5,0
591,9/17/2024,8,9,43,115.538,10,0
592,9/17/2024,5,7,7956,0.786,7,0
593,9/17/2024,2,2,6340,2.643,12,0
594,9/17/2024,7,2,5773,2.597,18,0
595,9/17/2024,3,8,680,7.986,3,0
596,9/18/2024,7,2,3849,2.746,8,0
597,9/18/2024,5,3,2047,5.829,11,0
598,9/18/2024,5,3,2011,5.187,8,0
599,9/19/2024,2,6,75,48.558,4,0
600,9/19/2024,1,1,64802,1.577,7,0
601,9/20/2024,8,9,53,112.651,6,0
602,9/20/2024,1,1,45880,1.504,2,0
603,9/20/2024,3,4,1121,11.624,3,0
604,9/22/2024,5,7,17751,0.792,18,0
605,9/23/2024,5,7,17225,0.719,13,0
606,9/23/2024,8,5,2428,3.898,13,0
607,9/24/2024,1,1,49408,1.537,6,0
608,9/24/2024,5,7,9786,0.801,12,0
609,9/25/2024,8,5,1956,4.385,15,0
610,9/25/2024,8,5,2294,4.201,24,1
611,9/26/2024,2,6,92,44.063,4,0
612,9/27/2024,5,3,1975,5.445,15,0
613,9/28/2024,1,1,56807,1.591,5,0
614,9/28/2024,2,6,112,41.559,3,0
615,9/28/2024,1,1,56436,1.459,7,0
616,9/28/2024,3,4,968,11.791,4,0
617,9/28/2024,8,5,2060,4.275,8,0
618,9/29/2024,4,11,2584,1.67,5,0
619,9/29/2024,5,7,14630,0.79,9,0
620,9/29/2024,6,10,522,3.298,2,0
621,9/29/2024,5,7,18341,0.715,12,0
622,9/30/2024,3,4,1547,13.437,6,0
623,10/1/2024,2,6,102,41.628,9,0
624,10/1/2024,5,7,11344,0.756,15,0
625,10/1/2024,3,4,885,12.536,2,0
626,10/2/2024,5,7,17045,0.763,18,0
627,10/2/2024,1,1,23497,1.6,5,0
628,10/3/2024,3,8,1046,8.054,3,0
629,10/3/2024,7,12,1502,4.839,15,0
630,10/3/2024,8,9,35,112.193,18,0
631,10/3/2024,5,3,1974,5.665,21,1
632,10/4/2024,5,3,2421,5.79,13,0
633,10/4/2024,3,8,804,8.698,6,0
634,10/5/2024,1,1,31983,1.476,5,0
635,10/5/2024,2,2,4975,2.902,5,0
636,10/5/2024,4,11,2745,1.663,4,0
637,10/6/2024,5,3,2100,5.598,18,0
638,10/6/2024,3,8,647,8.277,2,0
639,10/6/2024,7,12,1233,4.468,23,1
640,10/6/2024,8,9,40,125.682,14,0
641,10/6/2024,3,8,762,7.828,6,0
642,10/6/2024,7,12,1717,4.18,16,0
643,10/6/2024,6,8,799,8.649,4,0
644,10/7/2024,4,11,4333,1.782,5,0
645,10/7/2024,8,9,43,122.623,10,0
646,10/7/2024,3,4,910,13.441,5,0
647,10/9/2024,5,3,1966,5.91,12,0
648,10/9/2024,3,8,750,7.595,6,0
649,10/10/2024,5,3,2109,5.871,13,0
650,10/11/2024,5,7,13431,0.739,23,1
651,10/11/2024,8,9,58,112.804,12,0
652,10/11/2024,5,3,1462,5.414,8,0
653,10/14/2024,4,10,642,3.463,5,0
654,10/14/2024,7,2,4441,2.897,9,0
655,10/15/2024,8,9,57,117.893,9,0
656,10/16/2024,5,7,12256,0.742,16,1
657,10/16/2024,5,7,14960,0.696,10,0
658,10/16/2024,7,2,6356,2.76,14,0
659,10/17/2024,1,1,39463,1.587,6,0
660,10/17/2024,6,10,315,3.148,6,1
661,10/18/2024,5,7,12775,0.795,11,0
662,10/18/2024,7,12,1709,4.669,13,0
663,10/18/2024,7,12,1592,4.654,11,0
664,10/18/2024,6,10,682,3.159,3,0
665,10/19/2024,5,7,15400,0.78,6,0
666,10/19/2024,4,11,3276,1.69,10,0
667,10/19/2024,8,5,2686,4.503,14,0
668,10/20/2024,6,8,950,7.951,5,0
669,10/20/2024,5,7,11744,0.772,20,1
670,10/20/2024,4,4,999,13.2,5,0
671,10/21/2024,1,1,50479,1.591,2,0
672,10/21/2024,8,9,43,127.685,13,0
673,10/22/2024,7,12,2252,4.258,18,0
674,10/22/2024,5,3,821,5.701,8,0
675,10/22/2024,4,11,3210,1.859,8,0
676,10/23/2024,3,4,1046,12.858,6,0
677,10/24/2024,7,12,1797,4.658,15,0
678,10/24/2024,8,9,53,121.208,6,0
679,10/24/2024,4,11,2916,1.939,7,0
680,10/24/2024,7,2,5268,2.634,8,0
681,10/24/2024,2,6,81,41.413,8,0
682,10/25/2024,4,10,343,3.416,7,0
683,10/25/2024,2,6,94,42.461,7,0
684,10/25/2024,8,5,2849,3.882,25,1
685,10/27/2024,2,2,5400,2.707,8,0
686,10/27/2024,7,12,1982,4.675,9,0
687,10/28/2024,2,2,5042,2.621,5,0
688,10/28/2024,4,11,1772,1.679,8,0
689,10/28/2024,8,9,62,119.15,17,1
690,10/29/2024,3,8,968,8.768,6,0
691,10/30/2024,6,8,681,8.406,3,0
692,10/31/2024,3,8,830,8.513,1,0
693,11/1/2024,7,12,1096,4.499,16,0
694,11/2/2024,4,11,3327,1.897,8,0
695,11/2/2024,8,9,46,127.034,18,0
696,11/2/2024,4,4,942,12.637,7,0
697,11/3/2024,7,12,1388,4.661,19,1
698,11/3/2024,6,8,996,7.979,4,0
699,11/4/2024,7,2,5562,2.608,17,0
700,11/5/2024,6,8,855,7.668,4,0
701,11/6/2024,1,1,49961,1.539,5,0
702,11/6/2024,4,11,2631,1.844,9,0
703,11/7/2024,7,12,1389,4.497,14,0
704,11/7/2024,5,3,2985,5.662,18,0
705,11/8/2024,8,5,2787,4.476,17,0
706,11/8/2024,3,4,843,13.086,5,0
707,11/9/2024,1,1,42453,1.556,4,0
708,11/9/2024,8,5,2684,4.307,11,0
709,11/10/2024,4,11,2547,1.714,13,1
710,11/10/2024,6,8,527,7.844,6,0
711,11/11/2024,4,11,3482,1.682,6,0
712,11/11/2024,7,2,4905,2.699,18,0
713,11/11/2024,7,2,6931,2.883,23,1
714,11/12/2024,7,12,1185,4.336,8,0
715,11/12/2024,5,3,2160,5.393,11,0
716,11/12/2024,4,11,2739,1.711,6,0
717,11/12/2024,6,8,951,8.596,4,0
718,11/12/2024,6,10,616,3.51,2,0
719,11/13/2024,4,11,1865,1.914,8,0
720,11/14/2024,2,6,71,48.247,5,0
721,11/14/2024,5,3,1292,5.631,9,0
722,11/14/2024,3,8,753,7.616,5,0
723,11/15/2024,1,1,51788,1.409,5,0
724,11/15/2024,6,8,891,7.68,6,0
725,11/15/2024,3,8,849,8.427,5,0
726,11/16/2024,5,7,17196,0.794,14,0
727,11/16/2024,4,11,3061,1.791,7,0
728,11/17/2024,6,8,943,8.109,3,0
729,11/17/2024,8,9,59,127.156,7,0
730,11/18/2024,7,2,2757,2.841,18,1
731,11/18/2024,4,4,980,12.816,5,0
732,11/18/2024,3,8,668,8.733,3,0
733,11/19/2024,8,5,2719,4.146,19,1
734,11/20/2024,4,11,3776,1.846,9,0
735,11/22/2024,4,11,2931,1.885,4,0
736,11/22/2024,7,2,5579,2.836,17,1
737,11/22/2024,4,10,373,3.281,16,1
738,11/23/2024,4,11,2553,1.72,8,0
739,11/23/2024,8,9,55,126.563,27,1
740,11/23/2024,5,7,19176,0.753,12,0
741,11/23/2024,5,7,18124,0.702,20,0
742,11/23/2024,6,10,625,3.431,1,0
743,11/23/2024,7,12,1538,4.628,11,0
744,11/23/2024,6,8,867,8.854,3,0
745,11/24/2024,7,2,4407,2.771,26,1
746,11/25/2024,6,10,543,3.272,1,0
747,11/25/2024,2,6,82,45.713,5,0
748,11/25/2024,5,7,13818,0.774,22,1
749,11/26/2024,6,10,572,3.403,2,0
750,11/26/2024,2,6,73,43.244,5,0
751,11/26/2024,4,11,2426,1.903,11,0
752,11/26/2024,7,2,5886,2.738,13,0
753,11/27/2024,5,3,1979,5.727,17,0
754,11/27/2024,6,8,693,7.873,4,0
755,11/28/2024,6,10,598,3.441,5,0
756,11/28/2024,5,3,1944,5.389,7,0
757,11/29/2024,7,12,1999,4.172,12,0
758,11/29/2024,6,10,514,3.23,3,0
759,11/30/2024,5,3,1428,5.722,16,0
760,11/30/2024,3,8,731,8.026,5,0
761,12/1/2024,5,3,1693,5.682,8,0
762,12/1/2024,2,6,76,47.521,12,0
763,12/1/2024,8,5,3174,4.486,18,0
764,12/1/2024,8,9,40,114.938,13,0
765,12/2/2024,8,9,44,120.761,17,0
766,12/2/2024,5,3,2475,5.926,16,0
767,12/4/2024,6,8,784,7.898,5,0
768,12/4/2024,4,11,4284,1.895,9,0
769,12/4/2024,6,10,365,3.371,6,0
770,12/4/2024,1,1,55954,1.429,7,0
771,12/4/2024,1,1,55759,1.504,4,0
772,12/5/2024,5,7,20047,0.778,8,0
773,12/6/2024,6,8,1069,7.683,1,0
774,12/6/2024,3,4,880,12.803,5,0
775,12/7/2024,4,11,3311,1.742,7,0
776,12/7/2024,8,9,50,110.996,11,1
777,12/7/2024,3,8,566,8.743,4,0
778,12/8/2024,4,4,1007,12.167,8,0
779,12/8/2024,4,4,817,13.081,11,0
780,12/9/2024,3,4,1102,12.675,6,0
781,12/9/2024,4,4,1071,12.683,11,0
782,12/10/2024,2,6,102,42.671,6,0
783,12/11/2024,7,2,4545,2.617,19,0
784,12/12/2024,2,2,6238,2.886,9,0
785,12/12/2024,1,1,53573,1.397,7,0
786,12/12/2024,8,5,3827,4.196,11,0
787,12/12/2024,2,2,5145,2.651,10,0
788,12/13/2024,7,2,3011,2.651,17,1
789,12/13/2024,1,1,31443,1.581,4,0
790,12/13/2024,4,11,2225,1.661,8,0
791,12/13/2024,5,3,2692,5.553,8,0
792,12/13/2024,1,1,46867,1.588,4,0
793,12/13/2024,6,8,607,7.592,3,0
794,12/14/2024,7,12,1284,4.287,17,0
795,12/14/2024,3,4,1247,11.724,5,0
796,12/15/2024,5,3,2555,5.393,9,0
797,12/16/2024,2,6,82,42.304,11,0
798,12/16/2024,4,10,409,3.238,11,0
799,12/16/2024,3,4,845,12.822,6,0
800,12/16/2024,6,8,591,8.316,9,1
801,12/17/2024,1,1,46705,1.402,5,0
802,12/17/2024,4,11,2625,1.934,4,0
803,12/19/2024,4,11,3591,1.862,7,0
804,12/20/2024,8,5,1739,4.377,22,1
805,12/20/2024,5,3,1432,5.88,8,0
806,12/20/2024,4,10,516,3.571,11,0
807,12/21/2024,1,1,35216,1.535,2,0
808,12/22/2024,4,11,3273,1.811,12,0
809,12/23/2024,1,1,58965,1.613,7,0
810,12/23/2024,1,1,43873,1.435,5,0
811,12/24/2024,7,2,4582,3.008,17,0
812,12/24/2024,6,10,613,3.163,4,0
813,12/24/2024,2,6,111,44.787,9,0
814,12/26/2024,5,3,2317,5.239,20,1
815,12/27/2024,4,10,456,3.412,7,0
816,12/27/2024,8,5,2374,3.939,8,0
817,12/27/2024,5,3,1858,5.859,11,0
818,12/27/2024,4,4,1151,11.873,5,0
819,12/28/2024,2,6,128,43.315,5,0
820,12/28/2024,3,8,709,8.271,7,0
821,12/28/2024,4,10,609,3.62,3,0
822,12/29/2024,5,3,1949,5.775,19,0
823,12/30/2024,8,5,2177,4.497,14,0
824,12/30/2024,8,9,46,111.317,12,0
825,12/31/2024,7,12,1802,4.849,17,0
826,12/31/2024,2,6,103,44.51,4,0
827,1/2/2025,4,11,3305,1.725,6,0
828,1/3/2025,5,3,2430,5.73,13,0
829,1/3/2025,8,9,64,126.804,8,0
830,1/4/2025,8,9,73,127.33,12,0
831,1/4/2025,3,8,860,7.842,7,0
832,1/4/2025,7,12,1631,4.429,10,0
833,1/4/2025,4,10,559,3.587,6,0
834,1/4/2025,6,10,616,3.624,3,0
835,1/5/2025,8,5,3233,4.528,9,0
836,1/6/2025,8,9,59,121.004,10,0
837,1/6/2025,4,11,3402,1.799,9,0
838,1/6/2025,4,10,513,3.35,7,0
839,1/7/2025,5,3,2601,5.098,16,0
840,1/7/2025,2,2,4499,2.72,5,0
841,1/7/2025,2,2,4815,2.959,5,0
842,1/8/2025,6,8,988,8.385,5,0
843,1/10/2025,7,12,1580,4.145,18,0
844,1/10/2025,5,7,13888,0.716,11,0
845,1/10/2025,3,4,1011,12.074,2,0
846,1/12/2025,3,8,1134,7.731,1,0
847,1/12/2025,8,5,1517,3.881,9,0
848,1/12/2025,3,8,892,7.912,4,0
849,1/12/2025,8,5,2309,4.262,13,0
850,1/13/2025,4,11,3059,1.72,14,1
851,1/13/2025,8,9,48,127.489,13,0
852,1/15/2025,1,1,45664,1.544,1,0
853,1/16/2025,5,3,1752,5.69,16,0
854,1/16/2025,5,7,14771,0.735,20,0
855,1/17/2025,5,7,10021,0.773,25,1
856,1/17/2025,5,3,2076,5.715,8,0
857,1/18/2025,4,11,3097,1.736,5,0
858,1/18/2025,8,5,2320,4.351,10,0
859,1/18/2025,8,9,43,124.379,22,1
860,1/19/2025,4,11,4455,1.686,6,0
861,1/20/2025,4,11,2720,1.728,6,0
862,1/21/2025,3,8,727,7.865,3,0
863,1/21/2025,6,8,768,8.191,6,0
864,1/21/2025,5,3,2022,5.358,8,0
865,1/22/2025,5,7,15230,0.751,9,0
866,1/22/2025,4,4,1321,13.384,5,0
867,1/22/2025,5,3,2207,5.301,15,0
868,1/23/2025,2,6,119,45.119,7,0
869,1/24/2025,1,1,41842,1.503,3,0
870,1/24/2025,2,6,131,47.074,7,0
871,1/24/2025,7,12,1499,4.629,12,0
872,1/26/2025,7,2,5378,2.643,7,0
873,1/27/2025,2,2,3187,2.915,6,0
874,1/27/2025,8,5,2393,4.166,17,0
875,1/28/2025,7,12,1486,4.717,19,0
876,1/28/2025,1,1,70581,1.534,2,0
877,1/28/2025,4,10,444,3.287,10,0
878,1/28/2025,4,11,3806,1.924,7,0
879,1/29/2025,7,12,1452,4.76,11,0
880,1/30/2025,6,8,790,8.232,5,0
881,1/30/2025,8,5,2507,4.224,16,0
882,1/30/2025,7,12,1454,4.771,8,0
883,1/30/2025,5,7,13466,0.729,9,0
884,1/30/2025,3,8,903,7.981,7,0
885,1/31/2025,5,7,14459,0.782,17,0
886,2/2/2025,8,9,43,112.129,8,0
887,2/2/2025,1,1,28021,1.384,6,0
888,2/2/2025,6,10,497,3.401,5,0
889,2/3/2025,2,2,4082,2.651,10,0
890,2/3/2025,8,5,2373,4.46,13,0
891,2/4/2025,2,6,98,42.928,7,0
892,2/4/2025,4,11,3711,1.882,18,1
893,2/5/2025,2,6,64,46.894,7,0
894,2/5/2025,5,7,20657,0.801,7,0
895,2/5/2025,7,2,4429,2.746,8,0
896,2/6/2025,8,5,2766,4.175,20,1
897,2/6/2025,8,5,1752,4.455,13,0
898,2/6/2025,2,6,72,43.293,5,0
899,2/6/2025,8,5,2387,4.022,14,0
900,2/7/2025,8,5,2621,3.898,17,0
901,2/7/2025,4,11,3059,1.805,4,0
902,2/8/2025,4,11,3951,1.731,4,0
903,2/8/2025,5,7,19868,0.794,8,0
904,2/8/2025,3,4,1110,12.089,3,0
905,2/8/2025,4,4,896,12.722,4,0
906,2/9/2025,5,3,1689,5.81,16,0
907,2/9/2025,1,1,30951,1.614,4,0
908,2/10/2025,4,11,2710,1.796,11,0
909,2/10/2025,6,10,652,3.478,4,0
910,2/10/2025,8,5,2466,4.26,14,0
911,2/11/2025,4,10,527,3.492,5,0
912,2/11/2025,7,12,1759,4.807,25,1
913,2/11/2025,5,7,18069,0.737,13,0
914,2/11/2025,8,9,64,121.596,15,0
915,2/11/2025,6,8,814,8.31,7,0
916,2/12/2025,4,11,3403,1.736,16,1
917,2/12/2025,2,6,71,44.859,9,0
918,2/12/2025,2,6,96,45.357,8,0
919,2/14/2025,2,6,116,42.292,9,0
920,2/14/2025,4,4,866,12.697,6,0
921,2/14/2025,8,9,51,110.408,19,0
922,2/14/2025,2,2,5396,2.673,6,0
923,2/15/2025,6,8,875,8.432,6,0
924,2/16/2025,6,8,600,8.077,4,0
925,2/16/2025,5,7,14354,0.717,14,0
926,2/18/2025,2,2,5710,2.712,9,0
927,2/18/2025,8,5,2034,4.05,14,0
928,2/19/2025,4,4,915,12.806,9,0
929,2/19/2025,4,11,4195,1.905,6,0
930,2/20/2025,5,3,2345,5.373,13,0
931,2/20/2025,4,11,2819,1.777,8,1
932,2/21/2025,4,10,579,3.555,9,0
933,2/21/2025,1,1,44109,1.503,5,0
934,2/22/2025,6,8,998,7.666,2,0
935,2/22/2025,4,10,567,3.579,9,0
936,2/23/2025,8,5,2192,4.129,18,1
937,2/24/2025,6,10,369,3.164,3,0
938,2/24/2025,7,2,7005,2.862,13,0
939,2/25/2025,8,5,1451,4.107,14,0
940,2/25/2025,4,11,1804,1.737,11,0
941,2/26/2025,5,7,13929,0.795,20,0
942,2/26/2025,7,12,2130,4.736,9,0
943,2/27/2025,8,5,2026,4.414,8,0
944,2/27/2025,4,11,3891,1.799,6,0
945,2/27/2025,8,9,64,116.795,8,0
946,2/27/2025,1,1,57762,1.501,15,1
947,2/28/2025,5,3,1529,5.882,18,0
948,3/1/2025,2,6,78,41.566,9,0
949,3/1/2025,7,12,1755,4.6,10,0
950,3/1/2025,3,4,912,12.119,6,0
951,3/1/2025,5,3,2172,5.075,15,0
952,3/2/2025,3,4,1390,11.596,6,0
953,3/2/2025,1,1,57570,1.584,2,0
954,3/2/2025,7,12,1213,4.158,11,0
955,3/3/2025,2,6,95,45.036,11,0
956,3/3/2025,7,12,1530,4.849,9,0
957,3/3/2025,6,10,533,3.421,6,0
958,3/4/2025,8,9,50,127.309,6,0
959,3/5/2025,2,6,100,45.133,5,0
960,3/5/2025,8,9,64,121.699,19,0
961,3/5/2025,5,7,21948,0.731,21,1
962,3/5/2025,4,11,2645,1.685,11,0
963,3/6/2025,2,6,122,41.629,14,1
964,3/6/2025,4,11,2220,1.914,4,0
965,3/7/2025,3,4,1261,13.339,4,0
966,3/7/2025,3,4,775,13.089,14,1
967,3/8/2025,3,4,1027,12.583,7,0
968,3/9/2025,2,2,2744,2.915,10,0
969,3/9/2025,4,11,3633,1.837,7,0
970,3/9/2025,4,11,2849,1.795,3,0
971,3/10/2025,4,4,834,12.233,5,0
972,3/10/2025,4,11,3264,1.905,7,0
973,3/10/2025,5,3,1270,5.397,13,0
974,3/11/2025,3,4,1017,12.094,7,0
975,3/11/2025,7,2,4979,2.957,10,0
976,3/12/2025,8,5,2476,3.896,23,1
977,3/13/2025,4,11,2983,1.809,7,0
978,3/13/2025,8,9,35,125.881,7,0
979,3/13/2025,3,8,980,8.142,4,0
980,3/14/2025,6,8,943,8.03,5,0
981,3/14/2025,3,4,935,12.956,6,0
982,3/15/2025,3,8,859,8.356,3,0
983,3/16/2025,8,9,54,116.438,9,0
984,3/16/2025,1,1,45979,1.443,2,0
985,3/17/2025,8,9,34,111.02,17,1
986,3/17/2025,2,6,87,47.25,9,0
987,3/18/2025,7,2,4423,2.612,15,0
988,3/18/2025,4,11,2814,1.793,7,0
989,3/19/2025,4,11,3825,1.917,7,0
990,3/20/2025,4,11,3117,1.861,5,0
991,3/20/2025,8,9,38,114.848,12,0
992,3/20/2025,6,8,749,8.222,3,0
993,3/21/2025,4,11,2426,1.924,10,0
994,3/22/2025,3,8,585,7.553,4,0
995,3/22/2025,4,11,3379,1.792,6,0
996,3/22/2025,8,5,2563,4.291,11,0
997,3/23/2025,5,3,1626,5.534,16,0
998,3/23/2025,7,12,1705,4.737,21,1
999,3/23/2025,1,1,57533,1.558,1,0
1000,3/24/2025,7,12,1803,4.605,6,0
1001,3/24/2025,7,2,6064,2.854,12,0
1002,3/24/2025,7,12,863,4.441,26,1
1003,3/24/2025,4,11,1749,1.879,4,0
1004,3/25/2025,4,10,475,3.544,4,0
1005,3/26/2025,7,12,1344,4.71,21,1
1006,3/26/2025,1,1,41041,1.478,5,0
1007,3/27/2025,7,12,1420,4.685,11,0
1008,3/27/2025,8,5,1895,4.124,8,0
1009,3/28/2025,7,12,1152,4.346,17,1
1010,3/28/2025,5,3,2071,5.52,6,0
1011,3/28/2025,5,3,1171,5.553,23,1
1012,3/28/2025,2,6,101,42.407,12,0
1013,3/29/2025,2,2,4691,2.876,11,0
1014,3/29/2025,4,4,1112,13.475,11,0
1015,3/30/2025,5,3,1825,5.514,13,0
1016,3/30/2025,5,7,11454,0.745,9,0
1017,4/1/2025,5,3,1669,5.086,18,0
1018,4/1/2025,4,11,1701,1.731,10,0
1019,4/1/2025,6,8,752,8.223,1,0
1020,4/1/2025,3,4,804,12.491,2,0
1021,4/2/2025,8,5,3431,3.95,11,0
1022,4/2/2025,8,9,48,114.029,12,0
1023,4/2/2025,7,2,4233,2.716,9,0
1024,4/3/2025,2,2,5553,2.676,4,0
1025,4/3/2025,8,9,61,115.208,14,0
1026,4/3/2025,1,1,38066,1.413,4,0
1027,4/3/2025,7,2,4604,2.727,20,1
1028,4/4/2025,4,11,2561,1.918,19,1
1029,4/5/2025,1,1,64030,1.556,4,0
1030,4/5/2025,5,7,19275,0.782,12,0
1031,4/5/2025,1,1,54420,1.481,4,0
1032,4/6/2025,4,11,4676,1.807,6,0
1033,4/7/2025,2,6,81,48.51,3,0
1034,4/7/2025,1,1,50197,1.439,3,0
1035,4/8/2025,3,8,821,8.231,4,0
1036,4/8/2025,4,11,2416,1.674,5,0
1037,4/9/2025,4,10,594,3.513,10,0
1038,4/9/2025,5,7,12273,0.732,29,1
1039,4/9/2025,1,1,62411,1.412,2,0
1040,4/10/2025,6,10,547,3.309,4,0
1041,4/10/2025,7,12,1130,4.785,14,0
1042,4/12/2025,8,5,2359,4.274,20,0
1043,4/12/2025,4,4,901,12.197,5,0
1044,4/13/2025,4,4,956,12.531,6,0
1045,4/13/2025,4,11,3089,1.661,7,0
1046,4/14/2025,8,5,2196,4.245,16,0
1047,4/14/2025,1,1,47198,1.502,2,0
1048,4/15/2025,8,9,62,122.227,9,0
1049,4/16/2025,8,9,44,120.692,14,0
1050,4/16/2025,1,1,51585,1.424,6,0
1051,4/16/2025,7,12,1987,4.273,6,0
1052,4/17/2025,4,11,2248,1.679,12,0
1053,4/18/2025,4,11,2824,1.845,5,0
1054,4/18/2025,2,6,100,45.34,9,0
1055,4/18/2025,1,1,51221,1.431,4,0
1056,4/18/2025,8,5,3259,3.867,15,1
1057,4/19/2025,5,7,18006,0.722,21,1
1058,4/19/2025,6,8,817,8.145,4,0
1059,4/20/2025,4,11,2802,1.811,5,0
1060,4/20/2025,4,11,2884,1.789,5,0
1061,4/21/2025,5,3,2144,5.074,19,0
1062,4/21/2025,2,6,137,48.101,11,0
1063,4/21/2025,2,6,92,44.378,8,0
1064,4/22/2025,2,6,113,44.169,10,0
1065,4/23/2025,5,7,18937,0.703,12,1
1066,4/23/2025,2,6,77,43.852,7,0
1067,4/23/2025,6,10,415,3.469,6,0
1068,4/24/2025,1,1,67580,1.455,1,0
1069,4/24/2025,5,7,17636,0.741,13,0
1070,4/24/2025,8,9,54,114.198,17,0
1071,4/24/2025,4,11,2751,1.707,6,0
1072,4/24/2025,4,11,2433,1.833,12,0
1073,4/25/2025,8,9,71,117.647,18,0
1074,4/25/2025,4,4,790,12.747,3,0
1075,4/25/2025,2,6,83,46.942,10,0
1076,4/25/2025,4,4,1155,13.397,7,0
1077,4/26/2025,7,2,5248,2.989,17,0
1078,4/26/2025,5,7,18520,0.771,16,0
1079,4/26/2025,6,10,527,3.165,4,0
1080,4/27/2025,1,1,57649,1.396,13,1
1081,4/28/2025,7,12,1379,4.592,19,0
1082,4/28/2025,2,6,141,44.581,10,0
1083,4/28/2025,4,11,2904,1.666,8,0
1084,4/29/2025,2,2,3956,2.666,10,0
1085,4/29/2025,7,12,1340,4.5,9,0
1086,4/29/2025,7,12,1350,4.214,20,0
1087,4/30/2025,8,9,39,111.45,17,1
1088,5/1/2025,4,11,2243,1.881,11,0
1089,5/1/2025,8,5,1716,3.865,16,0
1090,5/2/2025,5,7,12933,0.723,19,0
1091,5/2/2025,6,10,406,3.521,1,0
1092,5/2/2025,7,12,1248,4.505,6,0
1093,5/3/2025,4,11,3044,1.671,7,0
1094,5/4/2025,2,6,106,42.613,3,0
1095,5/4/2025,2,6,73,41.953,4,0
1096,5/4/2025,1,1,38346,1.599,2,0
1097,5/5/2025,5,3,1677,5.091,11,0
1098,5/6/2025,3,4,931,12.68,3,0
1099,5/6/2025,8,9,66,125.336,11,0
1100,5/6/2025,4,10,380,3.324,8,0
1101,5/7/2025,8,9,24,129.013,14,0
1102,5/7/2025,6,10,604,3.184,13,1
1103,5/7/2025,4,11,2767,1.827,4,0
1104,5/8/2025,8,9,62,125.551,19,0
1105,5/8/2025,3,4,924,11.98,1,0
1106,5/9/2025,2,2,6139,2.955,8,0
1107,5/9/2025,2,6,144,42.055,9,0
1108,5/9/2025,1,1,50916,1.576,3,0
1109,5/10/2025,4,11,2165,1.694,8,0
1110,5/10/2025,5,3,1595,5.21,16,1
1111,5/10/2025,7,12,1063,4.263,17,0
1112,5/11/2025,4,11,2521,1.897,6,0
1113,5/11/2025,2,6,122,48.407,5,0
1114,5/12/2025,5,7,19302,0.774,11,0
1115,5/12/2025,5,7,15906,0.76,13,0
1116,5/12/2025,8,5,2425,4.127,11,0
1117,5/13/2025,3,8,714,8.494,4,0
1118,5/14/2025,4,4,874,12.143,11,0
1119,5/15/2025,3,4,1081,12.505,3,0
1120,5/15/2025,4,10,313,3.173,10,0
1121,5/16/2025,4,4,1035,11.789,3,0
1122,5/16/2025,8,5,3535,4.535,18,1
1123,5/16/2025,2,6,86,44.588,3,0
1124,5/17/2025,4,10,516,3.604,18,1
1125,5/17/2025,5,3,1765,5.233,11,0
1126,5/18/2025,3,4,1133,12.788,5,0
1127,5/18/2025,2,2,3847,2.836,8,0
1128,5/19/2025,2,6,98,46.736,17,1
1129,5/20/2025,1,1,44091,1.501,4,0
1130,5/20/2025,8,5,3261,3.977,27,1
1131,5/20/2025,4,4,1251,12.226,9,0
1132,5/21/2025,5,3,2434,5.353,9,0
1133,5/22/2025,4,11,1792,1.913,9,0
1134,5/22/2025,5,3,2197,5.849,22,1
1135,5/23/2025,1,1,51682,1.388,3,0
1136,5/23/2025,5,3,2348,5.235,27,1
1137,5/24/2025,2,6,144,42.41,10,0
1138,5/25/2025,4,4,1415,13.311,7,0
1139,5/25/2025,5,3,1758,5.596,12,0
1140,5/25/2025,8,9,52,127.943,17,0
1141,5/25/2025,2,2,4093,2.906,10,0
1142,5/26/2025,8,5,2544,4.159,17,0
1143,5/26/2025,8,5,2514,4.448,6,0
1144,5/27/2025,7,12,1477,4.169,9,0
1145,5/27/2025,5,3,2016,5.405,18,0
1146,5/28/2025,2,2,5791,2.897,11,1
1147,5/28/2025,4,10,663,3.552,3,0
1148,5/28/2025,3,4,1409,13.335,3,0
1149,5/28/2025,4,10,478,3.277,7,0
1150,5/29/2025,2,6,84,45.16,12,0
1151,5/29/2025,5,7,10619,0.806,12,0
1152,5/30/2025,7,2,5058,2.608,21,1
1153,5/30/2025,7,2,4858,2.605,19,0
1154,5/30/2025,2,2,2968,2.955,8,0
1155,5/31/2025,4,10,360,3.399,10,0
1156,5/31/2025,7,12,1496,4.194,14,1
1157,5/31/2025,2,6,77,42.673,4,0
1158,5/31/2025,7,12,1715,4.567,13,0
1159,6/1/2025,4,4,1347,12.81,6,0
1160,6/1/2025,7,2,5514,2.627,18,0
1161,6/1/2025,7,12,2038,4.603,15,0
1162,6/1/2025,7,12,1292,4.791,24,1
1163,6/1/2025,8,5,2240,3.894,12,0
1164,6/3/2025,5,3,1887,5.406,12,0
1165,6/3/2025,2,2,6050,2.903,11,0
1166,6/3/2025,3,4,1159,12.495,6,0
1167,6/4/2025,6,8,802,7.548,4,0
1168,6/6/2025,8,9,52,123.737,11,0
1169,6/6/2025,2,6,102,42.698,7,0
1170,6/6/2025,7,2,5249,2.776,9,0
1171,6/7/2025,7,12,1649,4.747,24,1
1172,6/7/2025,5,7,11389,0.765,17,0
1173,6/9/2025,4,11,2782,1.874,4,0
1174,6/10/2025,3,4,768,12.796,4,0
1175,6/11/2025,7,12,1644,4.146,19,0
1176,6/12/2025,8,9,53,128.092,16,0
1177,6/13/2025,3,4,923,12.221,7,0
1178,6/14/2025,2,6,92,45.532,9,0
1179,6/15/2025,8,5,2383,4.114,17,0
1180,6/15/2025,4,10,488,3.192,5,0
1181,6/16/2025,4,10,468,3.46,8,0
1182,6/16/2025,6,8,435,8.457,2,0
1183,6/16/2025,6,8,452,7.989,4,0
1184,6/17/2025,2,6,104,45.276,16,1
1185,6/17/2025,4,10,402,3.43,11,0
1186,6/18/2025,6,8,748,7.958,4,0
1187,6/18/2025,8,5,2597,3.865,18,1
1188,6/20/2025,8,9,65,114.384,18,1
1189,6/22/2025,2,2,4497,2.964,6,0
1190,6/23/2025,7,2,3478,2.795,15,0
1191,6/23/2025,7,2,4602,2.799,13,0
1192,6/24/2025,4,10,325,3.285,10,0
1193,6/24/2025,4,11,2535,1.79,12,0
1194,6/24/2025,1,1,38714,1.586,2,0
1195,6/25/2025,1,1,50570,1.571,3,0
1196,6/25/2025,5,3,2345,5.397,15,0
1197,6/25/2025,4,10,681,3.373,7,0
1198,6/25/2025,2,2,3789,2.825,9,0
1199,6/25/2025,8,5,1716,4.433,17,0
1200,6/26/2025,4,4,1262,12.741,4,0
1201,6/26/2025,2,6,117,43.603,11,0
1202,6/27/2025,8,9,53,121.391,12,1
1203,6/28/2025,4,11,3187,1.701,6,0
1204,6/28/2025,4,11,2106,1.914,6,0
1205,6/29/2025,6,8,1159,8.766,6,0
1206,6/30/2025,5,7,18890,0.765,14,0
1207,6/30/2025,8,5,3822,4.106,10,0
1208,6/30/2025,8,9,38,111.197,17,0
1209,7/1/2025,4,11,3127,1.808,7,0
1210,7/1/2025,5,7,12741,0.81,9,0
1211,7/2/2025,2,6,75,47.824,6,0
1212,7/3/2025,1,1,55706,1.39,3,0
1213,7/5/2025,6,8,848,8.805,5,0
1214,7/6/2025,5,3,2199,5.281,10,0
1215,7/7/2025,3,4,1217,11.716,4,0
1216,7/7/2025,8,5,2875,4.218,15,1
1217,7/7/2025,6,10,538,3.405,5,0
1218,7/7/2025,2,6,76,48.397,8,0
1219,7/8/2025,4,11,3630,1.769,11,0
1220,7/9/2025,7,2,4266,2.702,13,0
1221,7/10/2025,5,7,12365,0.74,7,0
1222,7/10/2025,7,12,1822,4.314,12,0
1223,7/11/2025,3,8,968,8.521,5,0
1224,7/11/2025,7,2,6043,2.612,18,0
1225,7/12/2025,6,10,522,3.496,2,0
1226,7/12/2025,2,6,120,43.196,11,0
1227,7/12/2025,2,6,128,42.274,10,0
1228,7/12/2025,6,8,510,7.758,3,0
1229,7/13/2025,5,7,12886,0.77,15,0
1230,7/13/2025,6,8,908,8.626,2,0
1231,7/14/2025,4,10,528,3.323,7,0
1232,7/14/2025,4,11,3143,1.752,8,0
1233,7/15/2025,2,6,66,46.116,9,0
1234,7/15/2025,5,3,2011,5.696,15,0
1235,7/16/2025,7,12,1684,4.235,15,0
1236,7/16/2025,3,8,819,8.689,4,0
1237,7/18/2025,5,3,2473,5.067,17,0
1238,7/18/2025,5,7,15368,0.714,12,0
1239,7/18/2025,3,8,528,7.68,4,0
1240,7/18/2025,4,4,1209,12.183,10,0
1241,7/19/2025,5,3,2209,5.881,7,0
1242,7/20/2025,7,12,1280,4.643,9,0
1243,7/20/2025,7,12,1410,4.698,8,0
1244,7/20/2025,7,12,1632,4.661,17,0
1245,7/20/2025,5,7,12296,0.758,18,0
1246,7/21/2025,8,5,3137,3.893,17,0
1247,7/21/2025,3,8,878,8.293,5,0
1248,7/22/2025,6,8,865,7.958,4,0
1249,7/22/2025,1,1,46168,1.567,3,0
1250,7/23/2025,5,3,1883,5.725,8,0
1251,7/23/2025,8,9,55,116.798,17,1
1252,7/24/2025,3,8,766,8.105,7,0
1253,7/24/2025,3,4,1165,13.227,5,0
1254,7/24/2025,4,4,1159,12.145,4,0
1255,7/24/2025,3,4,1254,12.949,4,0
1256,7/25/2025,1,1,56192,1.565,5,0
1257,7/25/2025,6,10,583,3.254,14,1
1258,7/26/2025,8,9,47,111.189,12,0
1259,7/26/2025,2,6,77,47.622,9,0
1260,7/27/2025,8,9,48,118.452,11,0
1261,7/27/2025,7,12,1915,4.224,18,0
1262,7/28/2025,5,3,2120,5.392,18,0
1263,7/29/2025,5,3,1378,5.183,13,1
1264,7/30/2025,8,5,2241,4.376,17,0
1265,7/30/2025,6,10,508,3.441,4,0
1266,7/31/2025,2,2,5071,2.852,6,0
1267,7/31/2025,1,1,62999,1.614,6,0
1268,7/31/2025,6,8,537,8.531,6,0
1269,7/31/2025,1,1,76889,1.381,3,0
1270,7/31/2025,8,5,2519,4.335,17,1
1271,8/1/2025,3,4,659,12.487,2,0
1272,8/1/2025,2,2,6072,2.833,5,0
1273,8/1/2025,3,8,967,8.847,7,0
1274,8/1/2025,4,10,435,3.395,9,0
1275,8/2/2025,4,10,447,3.423,8,0
1276,8/2/2025,4,10,471,3.186,4,0
1277,8/3/2025,4,4,731,11.92,9,0
1278,8/3/2025,4,11,3801,1.692,4,0
1279,8/4/2025,1,1,46689,1.573,3,0
1280,8/4/2025,2,6,111,46.057,4,0
1281,8/4/2025,6,10,366,3.428,5,0
1282,8/4/2025,4,11,3091,1.863,3,0
1283,8/5/2025,6,8,828,8.288,1,0
1284,8/5/2025,4,10,678,3.346,10,0
1285,8/6/2025,4,11,3637,1.801,9,0
1286,8/6/2025,1,1,54126,1.443,17,1
1287,8/6/2025,4,11,3112,1.795,6,0
1288,8/6/2025,1,1,49525,1.493,2,0
1289,8/7/2025,8,9,53,120.372,10,0
1290,8/7/2025,8,5,2793,4.303,14,1
1291,8/10/2025,7,12,1536,4.748,16,1
1292,8/11/2025,1,1,66555,1.466,1,0
1293,8/12/2025,5,3,2229,5.151,17,0
1294,8/12/2025,2,6,46,46.438,10,0
1295,8/12/2025,5,7,13692,0.709,17,0
1296,8/13/2025,6,10,404,3.448,2,0
1297,8/14/2025,2,2,5033,2.688,3,0
1298,8/15/2025,2,6,125,41.95,5,0
1299,8/16/2025,7,12,1600,4.749,11,1
1300,8/16/2025,5,3,1366,5.168,14,0
1301,8/16/2025,2,6,107,44.746,6,0
1302,8/16/2025,7,12,1416,4.351,12,0
1303,8/17/2025,5,3,2233,5.59,8,0
1304,8/18/2025,8,9,43,110.542,18,0
1305,8/18/2025,8,5,2522,4.229,23,1
1306,8/19/2025,3,8,795,8.795,2,0
1307,8/21/2025,4,10,549,3.536,5,0
1308,8/21/2025,7,2,5565,2.93,9,0
1309,8/22/2025,4,4,769,11.783,10,0
1310,8/22/2025,5,3,2114,5.196,8,0
1311,8/23/2025,5,3,1857,5.63,19,0
1312,8/23/2025,8,5,3103,3.939,18,1
1313,8/24/2025,5,7,16476,0.716,10,0
1314,8/25/2025,3,4,741,13.166,4,0
1315,8/25/2025,6,8,804,7.58,3,0
1316,8/25/2025,5,3,1808,5.556,12,0
1317,8/26/2025,6,8,882,8.425,5,0
1318,8/27/2025,2,2,4841,2.706,9,0
1319,8/27/2025,6,8,604,8.208,3,0
1320,8/27/2025,6,10,499,3.644,5,0
1321,8/28/2025,1,1,59576,1.575,3,0
1322,8/29/2025,5,3,1356,5.182,19,0
1323,8/30/2025,3,4,1271,12.312,6,0
1324,8/30/2025,8,5,3101,4.191,25,1
1325,9/1/2025,7,12,1111,4.79,10,0
1326,9/1/2025,4,4,627,13.372,19,1
1327,9/1/2025,8,5,2775,4.4,15,0
1328,9/2/2025,7,12,1351,4.472,16,0
1329,9/2/2025,8,9,41,122.44,8,0
1330,9/4/2025,8,9,53,111.561,18,0
1331,9/4/2025,8,9,41,114.836,16,0
1332,9/4/2025,5,7,18296,0.755,12,0
1333,9/5/2025,3,8,580,8.078,6,0
1334,9/5/2025,7,12,1605,4.461,11,0
1335,9/5/2025,8,9,47,127.603,17,0
1336,9/5/2025,4,11,3848,1.916,5,0
1337,9/6/2025,2,6,83,43.813,9,0
1338,9/6/2025,6,10,524,3.378,2,0
1339,9/6/2025,4,11,3927,1.764,10,1
1340,9/7/2025,7,2,2668,2.693,9,0
1341,9/8/2025,4,10,417,3.469,8,0
1342,9/8/2025,5,3,1515,5.754,21,1
1343,9/9/2025,6,8,676,8.11,3,0
1344,9/9/2025,8,5,3385,4.009,16,1
1345,9/9/2025,5,3,1496,5.856,18,1
1346,9/9/2025,5,7,20396,0.777,16,0
1347,9/10/2025,6,10,489,3.221,3,0
1348,9/10/2025,5,3,2245,5.694,17,0
1349,9/10/2025,1,1,56905,1.463,5,0
1350,9/10/2025,4,11,3767,1.753,8,0
1351,9/11/2025,5,3,1831,5.293,9,0
1352,9/11/2025,1,1,49436,1.451,6,0
1353,9/12/2025,7,2,4933,2.745,15,0
1354,9/12/2025,5,7,13530,0.718,12,0
1355,9/12/2025,8,5,1955,3.895,10,0
1356,9/13/2025,1,1,49124,1.515,3,0
1357,9/13/2025,2,6,115,43.51,20,1
1358,9/13/2025,5,7,16835,0.805,14,0
1359,9/13/2025,1,1,37675,1.545,7,0
1360,9/14/2025,8,9,38,116.84,10,0
1361,9/14/2025,1,1,57077,1.443,6,0
1362,9/14/2025,8,9,47,112.505,22,1
1363,9/14/2025,5,7,13691,0.746,9,0
1364,9/15/2025,6,10,699,3.17,4,0
1365,9/16/2025,1,1,49268,1.392,5,0
1366,9/16/2025,4,11,2734,1.871,8,0
1367,9/17/2025,1,1,53455,1.602,3,0
1368,9/19/2025,2,6,83,42.745,8,0
1369,9/19/2025,2,6,121,42.022,4,0
1370,9/19/2025,5,7,12950,0.739,20,1
1371,9/21/2025,7,2,5016,2.732,28,1
1372,9/21/2025,5,3,1908,5.183,14,1
1373,9/22/2025,2,6,101,44.59,11,0
1374,9/23/2025,7,2,4492,2.648,17,0
1375,9/23/2025,8,9,48,121.638,9,0
1376,9/24/2025,8,5,2544,4.403,14,0
1377,9/24/2025,4,11,2582,1.709,10,0
1378,9/24/2025,5,7,15221,0.761,14,0
1379,9/24/2025,1,1,43721,1.62,1,0
1380,9/25/2025,5,7,16390,0.718,11,0
1381,9/25/2025,8,5,2699,4.181,14,0
1382,9/25/2025,4,10,536,3.501,8,0
1383,9/25/2025,8,5,2498,4.453,15,0
1384,9/25/2025,4,4,1004,12.119,10,0
1385,9/25/2025,7,2,5214,2.984,12,0
1386,9/26/2025,8,9,53,124.822,15,0
1387,9/26/2025,1,1,47791,1.415,4,0
1388,9/26/2025,5,3,1972,5.18,15,0
1389,9/27/2025,7,12,1200,4.391,10,0
1390,9/28/2025,5,7,16753,0.802,15,0
1391,9/28/2025,7,2,4067,2.926,7,0
1392,9/28/2025,5,7,17010,0.761,13,0
1393,9/29/2025,4,4,908,13.399,9,0
1394,9/29/2025,5,3,1896,5.904,9,0
1395,9/30/2025,8,9,54,114.112,20,1
1396,9/30/2025,8,9,62,117.407,8,0
1397,10/1/2025,5,7,19463,0.778,13,0
1398,10/1/2025,2,6,137,48.587,10,0
1399,10/2/2025,1,1,40009,1.616,6,0
1400,10/2/2025,4,11,3467,1.848,7,0
1401,10/3/2025,8,5,2305,4.145,13,0
1402,10/3/2025,6,8,1048,7.903,4,0
1403,10/4/2025,4,11,1928,1.889,10,0
1404,10/4/2025,2,2,5962,2.667,12,0
1405,10/4/2025,4,11,3147,1.724,15,1
1406,10/4/2025,3,4,990,12.128,5,0
1407,10/5/2025,2,6,73,41.961,5,0
1408,10/5/2025,3,4,1120,12.756,5,0
1409,10/6/2025,3,4,932,13.102,7,0
1410,10/6/2025,7,12,1672,4.386,16,0
1411,10/7/2025,8,9,47,121.088,17,0
1412,10/7/2025,4,10,484,3.64,7,0
1413,10/8/2025,2,6,111,42.842,11,0
1414,10/8/2025,5,7,21542,0.7,9,0
1415,10/8/2025,2,6,83,41.543,8,0
1416,10/9/2025,5,3,2266,5.427,19,0
1417,10/9/2025,3,4,795,12.557,7,0
1418,10/9/2025,4,11,3228,1.94,11,0
1419,10/9/2025,1,1,37631,1.527,3,0
1420,10/10/2025,4,11,3893,1.911,10,0
1421,10/10/2025,8,9,56,115.363,18,0
1422,10/10/2025,5,3,1132,5.459,13,0
1423,10/11/2025,8,5,3012,4.062,9,0
1424,10/11/2025,8,5,1983,4.09,11,0
1425,10/11/2025,4,11,3092,1.693,4,0
1426,10/11/2025,4,4,1064,12.519,8,0
1427,10/12/2025,5,3,1666,5.604,14,0
1428,10/12/2025,8,5,3300,4.323,13,0
1429,10/13/2025,6,10,622,3.262,4,0
1430,10/13/2025,7,12,858,4.642,10,0
1431,10/13/2025,5,7,14505,0.75,9,0
1432,10/14/2025,5,7,11658,0.732,10,0
1433,10/14/2025,1,1,55931,1.461,2,0
1434,10/15/2025,5,7,15704,0.708,11,0
1435,10/15/2025,8,5,2442,4.424,17,0
1436,10/15/2025,7,2,4642,2.967,7,0
1437,10/15/2025,5,7,13867,0.804,13,0
1438,10/15/2025,8,5,3110,4.364,17,0
1439,10/16/2025,3,8,690,8.15,6,0
1440,10/16/2025,1,1,64552,1.486,7,0
1441,10/17/2025,4,11,3140,1.845,5,0
1442,10/17/2025,1,1,47527,1.39,3,0
1443,10/17/2025,3,8,808,7.727,6,0
1444,10/18/2025,2,2,5226,2.605,5,0
1445,10/18/2025,4,11,2221,1.86,10,0
1446,10/18/2025,3,8,1166,7.997,3,0
1447,10/18/2025,8,5,1995,3.995,9,0
1448,10/18/2025,8,9,43,111.207,19,0
1449,10/18/2025,1,1,45548,1.408,2,0
1450,10/18/2025,4,11,2461,1.726,9,0
1451,10/19/2025,6,8,975,7.799,3,0
1452,10/19/2025,3,4,1261,12.594,4,0
1453,10/19/2025,4,11,2319,1.661,9,0
1454,10/20/2025,5,3,1927,5.519,20,1
1455,10/21/2025,8,9,66,127.437,17,0
1456,10/21/2025,4,11,3929,1.758,9,0
1457,10/22/2025,5,7,13737,0.698,17,0
1458,10/22/2025,8,5,2849,4.031,17,0
1459,10/22/2025,8,5,2682,4.336,22,1
1460,10/23/2025,7,2,5608,2.693,6,0
1461,10/24/2025,4,11,3421,1.761,11,0
1462,10/26/2025,4,10,525,3.645,15,1
1463,10/27/2025,3,4,795,12.389,4,0
1464,10/27/2025,8,9,70,121.468,12,0
1465,10/28/2025,7,12,1192,4.534,19,0
1466,10/28/2025,1,1,59595,1.453,4,0
1467,10/28/2025,3,8,618,8.625,6,0
1468,10/29/2025,1,1,53690,1.553,4,0
1469,10/30/2025,4,10,614,3.638,8,0
1470,10/30/2025,3,4,1099,12.474,7,0
1471,10/31/2025,5,3,1658,5.793,13,0
1472,10/31/2025,5,3,1308,5.637,11,0
1473,11/1/2025,5,3,1805,5.438,16,0
1474,11/2/2025,2,2,4967,2.62,7,0
1475,11/2/2025,6,10,529,3.643,5,0
1476,11/2/2025,5,3,2066,5.883,13,0
1477,11/2/2025,6,10,445,3.241,6,0
1478,11/3/2025,3,8,728,7.927,6,0
1479,11/3/2025,8,5,2370,4.468,12,0
1480,11/3/2025,7,12,1290,4.76,6,0
1481,11/4/2025,7,12,1143,4.602,12,0
1482,11/4/2025,5,7,14377,0.763,15,0
1483,11/4/2025,8,9,56,118.031,6,0
1484,11/5/2025,5,7,15170,0.789,14,0
1485,11/6/2025,8,5,2201,4.086,20,0
1486,11/6/2025,1,1,43358,1.424,4,0
1487,11/6/2025,6,10,276,3.661,3,0
1488,11/6/2025,4,4,1260,12.027,11,0
1489,11/6/2025,4,11,2058,1.751,8,0
1490,11/7/2025,4,10,586,3.25,6,0
1491,11/7/2025,8,5,2412,4.498,18,0
1492,11/8/2025,7,12,1091,4.481,18,0
1493,11/10/2025,1,1,61674,1.49,2,0
1494,11/10/2025,6,10,422,3.142,7,0
1495,11/11/2025,1,1,54047,1.619,4,0
1496,11/11/2025,4,11,3222,1.843,7,0
1497,11/11/2025,2,6,90,43.284,7,0
1498,11/12/2025,8,5,1607,4.472,9,0
1499,11/12/2025,8,9,42,126.397,15,0
1500,11/12/2025,2,6,110,43.809,4,0
1501,11/13/2025,4,4,919,12.432,4,0
1502,11/14/2025,6,10,527,3.595,4,0
1503,11/14/2025,5,7,16965,0.755,20,0
1504,11/14/2025,5,7,15712,0.806,15,0
1505,11/14/2025,7,12,1778,4.778,12,0
1506,11/15/2025,7,2,4416,2.975,19,1
1507,11/15/2025,8,9,49,110.607,19,0
1508,11/16/2025,4,11,3596,1.825,10,0
1509,11/17/2025,3,8,940,8.7,5,0
1510,11/18/2025,4,11,2410,1.819,9,0
1511,11/19/2025,4,4,1284,13.241,6,0
1512,11/19/2025,4,11,2491,1.885,10,0
1513,11/20/2025,3,4,817,12.051,15,1
1514,11/20/2025,2,2,4965,2.846,6,0
1515,11/20/2025,3,8,1140,7.796,4,0
1516,11/20/2025,8,9,44,126.031,11,0
1517,11/20/2025,6,10,520,3.434,4,0
1518,11/21/2025,2,6,108,45.88,9,1
1519,11/21/2025,8,9,42,112.272,6,0
1520,11/22/2025,4,11,2470,1.735,11,1
1521,11/23/2025,2,6,103,47.209,6,0
1522,11/23/2025,4,4,1009,12.502,14,1
1523,11/24/2025,5,3,2178,5.939,17,1
1524,11/24/2025,5,7,11442,0.803,9,0
1525,11/24/2025,4,11,2753,1.839,6,0
1526,11/24/2025,5,3,2233,5.697,8,0
1527,11/24/2025,2,2,2392,3.015,14,1
1528,11/24/2025,4,10,623,3.405,7,0
1529,11/25/2025,7,12,1715,4.393,13,0
1530,11/26/2025,1,1,49154,1.454,3,0
1531,11/26/2025,2,6,87,41.414,8,0
1532,11/27/2025,7,2,4508,2.887,11,0
1533,11/27/2025,7,2,5488,2.636,14,0
1534,11/27/2025,4,11,2695,1.661,7,0
1535,11/27/2025,3,4,981,11.811,4,0
1536,11/28/2025,4,4,1181,12.498,7,0
1537,11/29/2025,4,4,950,11.765,11,0
1538,11/29/2025,8,5,2173,4.533,20,0
1539,11/29/2025,7,12,2061,4.338,8,0
1540,11/30/2025,5,3,1964,5.451,8,0
1541,11/30/2025,4,4,1159,11.969,12,0
1542,12/1/2025,4,4,1126,11.878,10,0
1543,12/1/2025,8,9,58,125.202,11,0
1544,12/2/2025,1,1,60433,1.545,5,0
1545,12/3/2025,2,2,5238,2.827,10,0
1546,12/3/2025,8,9,33,110.44,10,0
1547,12/3/2025,6,10,354,3.234,4,0
1548,12/4/2025,7,12,1749,4.59,17,1
1549,12/4/2025,5,3,1968,5.23,10,0
1550,12/5/2025,1,1,55479,1.441,5,0
1551,12/6/2025,7,12,1160,4.724,15,0
1552,12/6/2025,2,2,5237,2.941,7,0
1553,12/6/2025,8,5,2702,4.536,13,0
1554,12/7/2025,4,11,2192,1.812,4,0
1555,12/7/2025,6,8,802,8.103,5,0
1556,12/7/2025,2,2,3939,3.012,6,0
1557,12/7/2025,1,1,53247,1.403,3,0
1558,12/7/2025,2,6,113,47.599,7,0
1559,12/7/2025,4,11,3351,1.786,4,0
1560,12/7/2025,8,5,2518,4.016,8,0
1561,12/8/2025,5,3,2030,5.23,14,0
1562,12/9/2025,2,2,3159,2.995,6,0
1563,12/12/2025,2,2,4299,2.773,19,1
1564,12/12/2025,4,11,3871,1.851,7,0
1565,12/13/2025,4,10,302,3.564,8,0
1566,12/13/2025,4,11,2992,1.678,5,0
1567,12/14/2025,4,10,423,3.321,9,0
1568,12/15/2025,3,8,643,8.522,2,0
1569,12/15/2025,6,8,631,8.122,2,0
1570,12/15/2025,2,6,112,46.849,4,0
1571,12/16/2025,8,5,2210,4.222,13,0
1572,12/16/2025,7,2,3555,2.805,15,0
1573,12/17/2025,2,2,4859,2.746,8,0
1574,12/17/2025,6,10,440,3.548,5,0
1575,12/18/2025,8,5,2763,4.294,17,0
1576,12/19/2025,7,12,1706,4.52,18,0
1577,12/20/2025,8,9,48,122.566,13,0
1578,12/20/2025,6,8,698,7.928,2,0
1579,12/21/2025,1,1,39519,1.571,4,0
1580,12/21/2025,6,10,640,3.162,4,0
1581,12/22/2025,5,7,9280,0.703,24,1
1582,12/22/2025,6,8,760,8.796,5,0
1583,12/23/2025,5,3,1935,5.688,17,0
1584,12/23/2025,6,8,639,7.682,1,0
1585,12/23/2025,6,10,675,3.232,1,0
1586,12/24/2025,6,8,779,8.613,3,0
1587,12/25/2025,5,7,11110,0.698,11,0
1588,12/25/2025,7,2,3652,3.011,14,1
1589,12/25/2025,4,4,994,11.528,6,0
1590,12/25/2025,7,12,1365,4.777,18,0
1591,12/26/2025,3,8,836,7.891,4,0
1592,12/26/2025,6,8,907,7.828,1,0
1593,12/28/2025,5,3,1871,5.332,10,1
1594,12/28/2025,5,7,14840,0.761,25,1
1595,12/29/2025,3,4,862,13.065,6,0
1596,12/29/2025,8,9,49,112.325,10,0
1597,12/29/2025,7,12,1218,4.737,20,1
1598,12/29/2025,7,12,1525,4.413,9,0
1599,12/31/2025,4,10,362,3.38,12,0
1600,12/31/2025,7,2,5212,2.931,20,0
